ritual_number,singing_human,singing_llm,chanting_human,chanting_llm,praying_human,praying_llm,marching_human,marching_llm,dancing_human,dancing_llm,generic_mvmt_human,generic_mvmt_llm,singing_llm_certainty,chanting_llm_certainty,praying_llm_certainty,marching_llm_certainty,dancing_llm_certainty,generic_mvmt_llm_certainty
Ritual1,0,0,0.0,0,1.0,0,0.0,0,1.0,0,0.0,0,100.0,100.0,100.0,100.0,100.0,100.0
Ritual2,1,1,1.0,0,1.0,1,1.0,0,0.0,0,1.0,1,100.0,100.0,100.0,100.0,100.0,100.0
Ritual3,1,1,0.0,0,1.0,1,1.0,1,1.0,0,1.0,0,100.0,100.0,100.0,100.0,100.0,100.0
Ritual4,1,,0.0,,1.0,,1.0,,1.0,,1.0,,,,,,,
Ritual5,0,0,0.0,0,0.0,0,0.0,0,0.0,0,0.0,0,100.0,100.0,100.0,100.0,100.0,100.0
Ritual6,1,1,0.0,0,1.0,0,0.0,1,0.0,0,1.0,1,100.0,100.0,100.0,100.0,100.0,100.0
Ritual7,1,1,0.0,0,0.0,0,0.0,1,1.0,1,0.0,0,100.0,100.0,100.0,100.0,100.0,100.0
Ritual8,0,,0.0,,0.0,,0.0,,1.0,,1.0,,,,,,,
Ritual9,0,0,0.0,1,1.0,0,0.0,0,0.0,0,0.0,0,100.0,100.0,100.0,100.0,100.0,100.0
Ritual10,1,1,1.0,0,0.0,0,0.0,1,0.0,0,0.0,0,100.0,100.0,100.0,100.0,100.0,100.0
Ritual11,0,0,0.0,0,0.0,0,0.0,0,0.0,0,0.0,0,100.0,100.0,100.0,100.0,100.0,100.0
Ritual12,0,0,0.0,0,0.0,0,0.0,0,0.0,0,0.0,0,100.0,100.0,100.0,100.0,100.0,100.0
Ritual13,1,0,1.0,0,0.0,0,0.0,0,0.0,0,0.0,0,100.0,100.0,100.0,100.0,100.0,100.0
Ritual14,0,0,0.0,0,0.0,0,0.0,0,0.0,0,0.0,0,100.0,100.0,100.0,100.0,100.0,100.0
Ritual15,0,,1.0,,0.0,,0.0,,0.0,,0.0,,,,,,,
Ritual16,0,,0.0,,0.0,,0.0,,0.0,,0.0,,,,,,,
Ritual16,0,0,0.0,0,0.0,0,0.0,0,0.0,0,0.0,0,100.0,100.0,100.0,100.0,100.0,100.0
Ritual17,0,0,1.0,0,0.0,0,0.0,0,0.0,0,0.0,0,100.0,100.0,100.0,100.0,100.0,100.0
Ritual18,0,0,0.0,0,0.0,0,0.0,0,0.0,0,1.0,1,100.0,100.0,100.0,100.0,100.0,100.0
Ritual19,0,0,0.0,0,0.0,0,0.0,0,0.0,0,1.0,1,100.0,100.0,100.0,100.0,100.0,100.0
Ritual20,,0,,0,,0,,0,,0,,1,100.0,100.0,100.0,100.0,100.0,100.0
Ritual21,0,0,0.0,0,0.0,0,0.0,0,0.0,0,0.0,0,100.0,100.0,100.0,100.0,100.0,100.0
Ritual22,1,1,0.0,0,0.0,0,0.0,0,1.0,1,0.0,0,100.0,100.0,100.0,100.0,100.0,100.0
Ritual23,1,,0.0,,0.0,,0.0,,1.0,,1.0,,,,,,,
Ritual23,1,1,0.0,0,0.0,0,0.0,0,1.0,1,0.0,0,100.0,100.0,100.0,100.0,100.0,100.0
Ritual24,0,0,0.0,0,0.0,0,0.0,0,0.0,0,0.0,0,100.0,100.0,100.0,100.0,100.0,100.0
Ritual25,1,,0.0,,0.0,,0.0,,1.0,,0.0,,,,,,,
Ritual25,1,1,0.0,0,0.0,0,0.0,0,1.0,1,0.0,0,100.0,100.0,100.0,100.0,100.0,100.0
Ritual26,0,0,0.0,0,0.0,0,0.0,0,0.0,0,0.0,0,100.0,100.0,100.0,100.0,100.0,100.0
Ritual27,0,,0.0,,0.0,,0.0,,0.0,,0.0,,,,,,,
Ritual27,0,0,0.0,0,0.0,0,0.0,1,0.0,0,0.0,0,100.0,100.0,100.0,100.0,100.0,100.0
Ritual28,0,,0.0,,0.0,,0.0,,0.0,,0.0,,,,,,,
Ritual28,0,0,0.0,0,0.0,0,0.0,0,0.0,0,0.0,0,100.0,100.0,100.0,100.0,100.0,100.0
Ritual29,0,0,0.0,0,0.0,0,0.0,0,0.0,0,0.0,0,100.0,100.0,100.0,100.0,100.0,100.0
Ritual30,1,1,0.0,0,0.0,0,0.0,0,1.0,1,0.0,0,100.0,100.0,100.0,100.0,100.0,100.0
Ritual31,1,1,1.0,0,1.0,0,0.0,1,0.0,0,0.0,0,100.0,100.0,100.0,100.0,100.0,100.0
Ritual32,0,0,0.0,0,0.0,0,0.0,0,0.0,0,0.0,0,100.0,100.0,100.0,100.0,100.0,100.0
Ritual33,0,0,0.0,0,0.0,0,0.0,0,0.0,0,0.0,0,100.0,100.0,100.0,100.0,100.0,100.0
Ritual34,0,0,0.0,0,1.0,0,0.0,1,0.0,0,0.0,0,100.0,100.0,100.0,100.0,100.0,100.0
Ritual35,1,0,777.0,0,0.0,0,0.0,1,1.0,0,0.0,0,100.0,100.0,100.0,100.0,100.0,100.0
Ritual36,0,0,0.0,0,0.0,0,0.0,1,1.0,1,1.0,0,100.0,100.0,100.0,100.0,100.0,100.0
Ritual37,0,0,0.0,0,0.0,0,0.0,0,1.0,1,1.0,0,100.0,100.0,100.0,100.0,100.0,100.0
Ritual38,0,0,1.0,1,0.0,0,0.0,0,1.0,1,0.0,0,100.0,100.0,100.0,100.0,100.0,100.0
Ritual39,0,0,1.0,0,0.0,0,0.0,0,1.0,1,0.0,0,100.0,100.0,100.0,100.0,100.0,100.0
Ritual40,1,1,1.0,1,1.0,1,1.0,1,1.0,1,1.0,1,100.0,100.0,100.0,100.0,100.0,100.0
Ritual41,0,0,1.0,1,1.0,1,1.0,1,1.0,1,0.0,0,100.0,100.0,100.0,100.0,100.0,100.0
Ritual42,0,0,0.0,0,0.0,0,0.0,0,1.0,1,0.0,0,100.0,100.0,100.0,100.0,100.0,100.0
Ritual43,0,0,1.0,1,1.0,0,1.0,1,1.0,1,1.0,0,100.0,100.0,100.0,100.0,100.0,100.0
Ritual44,0,0,1.0,0,0.0,0,1.0,0,1.0,1,1.0,0,100.0,100.0,100.0,100.0,100.0,100.0
Ritual45,0,0,0.0,0,0.0,0,0.0,0,1.0,1,1.0,0,100.0,100.0,100.0,100.0,100.0,100.0
Ritual46,0,0,0.0,0,0.0,0,0.0,0,0.0,0,0.0,0,100.0,100.0,100.0,100.0,100.0,100.0
Ritual47,0,,0.0,,0.0,,1.0,,1.0,,0.0,,,,,,,
Ritual48,0,0,1.0,0,0.0,0,1.0,1,1.0,1,0.0,0,100.0,100.0,100.0,100.0,100.0,100.0
Ritual49,0,0,0.0,0,1.0,1,1.0,0,0.0,0,1.0,0,100.0,100.0,100.0,100.0,100.0,100.0
Ritual50,0,0,0.0,0,1.0,1,1.0,1,0.0,0,1.0,0,100.0,100.0,100.0,100.0,100.0,100.0
Ritual51,0,0,0.0,0,1.0,0,0.0,0,0.0,0,1.0,0,100.0,100.0,100.0,100.0,100.0,100.0
Ritual52,0,0,0.0,0,0.0,0,0.0,0,1.0,0,0.0,0,100.0,100.0,100.0,100.0,100.0,100.0
Ritual53,1,1,0.0,0,0.0,1,0.0,0,0.0,0,0.0,0,100.0,100.0,100.0,100.0,100.0,100.0
Ritual54,0,0,1.0,1,0.0,0,0.0,0,0.0,0,0.0,0,100.0,100.0,100.0,100.0,100.0,100.0
Ritual55,,,,,,,,,,,,,,,,,,
Ritual56,1,1,0.0,1,0.0,0,0.0,0,1.0,0,0.0,0,100.0,100.0,100.0,100.0,100.0,100.0
Ritual57,1,1,1.0,1,0.0,0,0.0,0,0.0,1,0.0,0,100.0,100.0,100.0,100.0,100.0,100.0
Ritual58,1,1,1.0,0,0.0,0,0.0,0,1.0,1,0.0,0,100.0,100.0,100.0,100.0,100.0,100.0
Ritual59,1,1,0.0,0,0.0,0,0.0,0,1.0,1,0.0,0,100.0,100.0,100.0,100.0,100.0,100.0
Ritual60,1,1,0.0,0,0.0,0,0.0,0,0.0,0,0.0,0,100.0,100.0,100.0,100.0,100.0,100.0
Ritual61,1,1,0.0,0,0.0,0,0.0,0,0.0,0,0.0,0,100.0,100.0,100.0,100.0,100.0,100.0
Ritual62,0,0,0.0,0,0.0,0,0.0,0,0.0,0,0.0,0,100.0,100.0,100.0,100.0,100.0,100.0
Ritual63,,,,,,,,,,,,,,,,,,
Ritual64,,,,,,,,,,,,,,,,,,
Ritual65,1,1,0.0,1,0.0,1,0.0,1,1.0,1,0.0,1,100.0,100.0,100.0,100.0,100.0,100.0
Ritual66,1,1,0.0,0,1.0,0,0.0,0,0.0,0,1.0,1,100.0,100.0,100.0,100.0,100.0,100.0
Ritual67,1,1,0.0,0,0.0,0,0.0,0,0.0,0,0.0,1,100.0,100.0,100.0,100.0,100.0,100.0
Ritual68,0,0,0.0,0,0.0,0,0.0,0,0.0,0,0.0,0,100.0,100.0,100.0,100.0,100.0,100.0
Ritual69,1,,0.0,,0.0,,0.0,,7777.0,,1.0,,,,,,,
Ritual69,1,1,0.0,0,0.0,0,0.0,0,1.0,1,0.0,0,100.0,100.0,100.0,100.0,100.0,100.0
Ritual70,1,,0.0,,0.0,,0.0,,7777.0,,1.0,,,,,,,
Ritual70,1,1,0.0,0,0.0,0,0.0,0,1.0,1,0.0,0,100.0,100.0,100.0,100.0,100.0,100.0
Ritual71,1,,0.0,,0.0,,0.0,,7777.0,,1.0,,,,,,,
Ritual71,1,1,0.0,0,0.0,0,0.0,0,1.0,1,0.0,0,100.0,100.0,100.0,100.0,100.0,100.0
Ritual72,0,1,0.0,0,0.0,0,0.0,0,1.0,1,0.0,0,100.0,100.0,100.0,100.0,100.0,100.0
Ritual73,1,1,0.0,0,0.0,0,0.0,0,1.0,0,0.0,0,100.0,100.0,100.0,100.0,100.0,100.0
Ritual74,1,1,0.0,0,0.0,0,0.0,0,1.0,1,0.0,0,100.0,100.0,100.0,100.0,100.0,100.0
Ritual75,1,0,0.0,0,0.0,0,0.0,0,1.0,0,0.0,0,100.0,100.0,100.0,100.0,100.0,100.0
Ritual76,0,0,0.0,0,0.0,0,0.0,0,0.0,0,1.0,0,100.0,100.0,100.0,100.0,100.0,100.0
Ritual77,0,0,0.0,0,1.0,0,0.0,0,0.0,0,0.0,1,100.0,100.0,100.0,100.0,100.0,100.0
Ritual78,0,0,0.0,0,0.0,0,0.0,0,1.0,1,1.0,0,100.0,100.0,100.0,100.0,100.0,100.0
Ritual79,0,0,0.0,0,0.0,0,0.0,0,0.0,0,0.0,0,100.0,100.0,100.0,100.0,100.0,100.0
Ritual80,0,0,0.0,0,0.0,0,0.0,0,1.0,1,0.0,0,100.0,100.0,100.0,100.0,100.0,100.0
Ritual81,0,0,0.0,0,0.0,0,0.0,0,1.0,1,0.0,0,100.0,100.0,100.0,100.0,100.0,100.0
Ritual82,0,0,0.0,0,0.0,0,0.0,0,0.0,0,1.0,0,100.0,100.0,100.0,100.0,100.0,100.0
Ritual83,0,0,0.0,0,0.0,0,0.0,0,0.0,0,0.0,0,100.0,100.0,100.0,100.0,100.0,100.0
Ritual84,0,0,0.0,0,0.0,0,0.0,0,0.0,0,0.0,0,100.0,100.0,100.0,100.0,100.0,100.0
Ritual85, ,,,,,,,,,,,,,,,,,
Ritual86,,,,,,,,,,,,,,,,,,
Ritual87,0,0,0.0,0,0.0,0,0.0,0,0.0,0,0.0,0,100.0,100.0,100.0,100.0,100.0,100.0
Ritual88,0,,0.0,,0.0,,0.0,,0.0,,0.0,,,,,,,
Ritual89,0,,0.0,,0.0,,0.0,,0.0,,0.0,,,,,,,
Ritual90,0,0,0.0,0,0.0,0,0.0,0,0.0,0,0.0,0,100.0,100.0,100.0,100.0,100.0,100.0
Ritual91,0,0,0.0,0,0.0,0,0.0,0,0.0,0,0.0,0,100.0,100.0,100.0,100.0,100.0,100.0
Ritual92,0,0,0.0,0,1.0,0,0.0,1,0.0,0,0.0,0,100.0,100.0,100.0,100.0,100.0,100.0
Ritual93,0,0,0.0,0,1.0,0,0.0,0,0.0,0,0.0,0,100.0,100.0,100.0,100.0,100.0,100.0
Ritual94,0,0,1.0,0,0.0,0,0.0,0,0.0,0,0.0,0,100.0,100.0,100.0,100.0,100.0,100.0
Ritual98,1,0,0.0,0,0.0,0,0.0,0,0.0,0,0.0,0,100.0,100.0,100.0,100.0,100.0,100.0
Ritual99,1,,0.0,,0.0,,0.0,,0.0,,0.0,,,,,,,
Ritual100,1,1,0.0,0,0.0,0,0.0,0,1.0,0,0.0,0,100.0,100.0,100.0,100.0,100.0,100.0
Ritual101,1,1,1.0,0,0.0,0,0.0,1,1.0,1,1.0,1,100.0,100.0,100.0,100.0,100.0,100.0
Ritual102,1,0,0.0,0,0.0,0,0.0,0,1.0,1,0.0,1,100.0,100.0,100.0,100.0,100.0,100.0
Ritual103,1,,0.0,,0.0,,0.0,,0.0,,1.0,,,,,,,
Ritual104,1,1,0.0,0,0.0,0,0.0,0,0.0,1,0.0,0,100.0,100.0,100.0,100.0,100.0,100.0
Ritual105,1,1,0.0,0,0.0,0,0.0,0,0.0,1,0.0,0,100.0,100.0,100.0,100.0,100.0,100.0
Ritual106,1,1,0.0,0,0.0,0,0.0,0,0.0,1,0.0,1,100.0,100.0,100.0,100.0,100.0,100.0
Ritual107,1,1,1.0,0,0.0,0,0.0,0,1.0,1,0.0,0,100.0,100.0,100.0,100.0,100.0,100.0
Ritual108,1,0,0.0,0,0.0,0,0.0,0,0.0,0,0.0,0,100.0,100.0,100.0,100.0,100.0,100.0
Ritual109,1,1,0.0,0,0.0,0,0.0,0,0.0,0,1.0,0,100.0,100.0,100.0,100.0,100.0,100.0
Ritual110,1,1,0.0,0,0.0,0,0.0,0,0.0,0,1.0,1,100.0,100.0,100.0,100.0,100.0,100.0
Ritual111,1,0,0.0,0,0.0,0,0.0,0,0.0,0,1.0,0,100.0,100.0,100.0,100.0,100.0,100.0
Ritual112,0,0,0.0,0,0.0,0,0.0,0,0.0,0,0.0,0,100.0,100.0,100.0,100.0,100.0,100.0
Ritual113,0,0,0.0,0,0.0,0,0.0,0,0.0,0,0.0,0,100.0,100.0,100.0,100.0,100.0,100.0
Ritual114, ,,,,,,,,,,,,,,,,,
Ritual115, ,,,,,,,,,,,,,,,,,
Ritual116,  ,,,,,,,,,,,,,,,,,
Ritual117, ,,,,,,,,,,,,,,,,,
Ritual119,0,0,0.0,0,0.0,0,1.0,1,0.0,0,0.0,1,100.0,100.0,100.0,100.0,100.0,100.0
Ritual120,0,,1.0,,0.0,,0.0,,0.0,,0.0,,,,,,,
Ritual120,0,0,0.0,0,0.0,0,0.0,0,0.0,0,0.0,0,100.0,100.0,100.0,100.0,100.0,100.0
Ritual121,0,0,0.0,0,0.0,0,0.0,0,0.0,0,0.0,0,100.0,100.0,100.0,100.0,100.0,100.0
Ritual122,0,0,0.0,0,0.0,0,0.0,0,1.0,0,1.0,0,100.0,100.0,100.0,100.0,100.0,100.0
Ritual123,0,0,0.0,0,0.0,0,0.0,0,0.0,0,0.0,0,100.0,100.0,100.0,100.0,100.0,100.0
Ritual124,1,0,0.0,1,0.0,0,0.0,0,0.0,0,0.0,0,100.0,100.0,100.0,100.0,100.0,100.0
Ritual125,0,0,0.0,0,0.0,0,0.0,0,0.0,0,0.0,0,100.0,100.0,100.0,100.0,100.0,100.0
Ritual126,0,0,1.0,0,0.0,0,0.0,0,0.0,0,0.0,0,100.0,100.0,100.0,100.0,100.0,100.0
Ritual127,0,0,0.0,0,0.0,0,0.0,0,0.0,0,0.0,0,100.0,100.0,100.0,100.0,100.0,100.0
Ritual128,0,0,1.0,1,0.0,0,0.0,0,0.0,0,1.0,1,100.0,100.0,100.0,100.0,100.0,100.0
Ritual129,0,0,0.0,0,1.0,0,0.0,0,0.0,0,0.0,0,100.0,100.0,100.0,100.0,100.0,100.0
Ritual130,0,0,0.0,1,0.0,1,0.0,0,0.0,0,0.0,0,100.0,100.0,100.0,100.0,100.0,100.0
Ritual131,0,0,0.0,0,0.0,0,0.0,0,0.0,0,0.0,0,100.0,100.0,100.0,100.0,100.0,100.0
Ritual132,0,0,0.0,0,0.0,0,0.0,0,0.0,0,0.0,0,100.0,100.0,100.0,100.0,100.0,100.0
Ritual133,0,0,0.0,0,0.0,0,0.0,0,0.0,0,0.0,0,100.0,100.0,100.0,100.0,100.0,100.0
Ritual134,0,0,1.0,0,0.0,0,0.0,0,1.0,1,0.0,0,100.0,100.0,100.0,100.0,100.0,100.0
Ritual135,0,0,1.0,1,0.0,0,1.0,1,1.0,1,1.0,0,100.0,100.0,100.0,100.0,100.0,100.0
Ritual136,1,1,1.0,1,0.0,0,0.0,1,1.0,1,0.0,1,100.0,100.0,100.0,100.0,100.0,100.0
Ritual137,0,0,0.0,0,0.0,0,0.0,0,0.0,0,0.0,0,100.0,100.0,100.0,100.0,100.0,100.0
Ritual138,0,0,0.0,0,0.0,0,0.0,0,0.0,0,0.0,0,100.0,100.0,100.0,100.0,100.0,100.0
Ritual139,1,1,0.0,0,0.0,0,0.0,0,1.0,1,0.0,0,100.0,100.0,100.0,100.0,100.0,100.0
Ritual140,0,0,1.0,0,0.0,0,0.0,0,0.0,0,0.0,0,100.0,100.0,100.0,100.0,100.0,100.0
Ritual141,0,0,0.0,0,0.0,0,0.0,0,0.0,0,0.0,0,100.0,100.0,100.0,100.0,100.0,100.0
Ritual142,0,0,0.0,0,0.0,0,0.0,0,0.0,0,0.0,0,100.0,100.0,100.0,100.0,100.0,100.0
Ritual143,1,0,0.0,0,0.0,0,0.0,0,0.0,0,0.0,0,100.0,100.0,100.0,100.0,100.0,100.0
Ritual144,0,0,0.0,0,0.0,0,0.0,0,0.0,0,0.0,0,100.0,100.0,100.0,100.0,100.0,100.0
Ritual145,0,0,0.0,0,0.0,0,0.0,0,0.0,0,1.0,1,100.0,100.0,100.0,100.0,100.0,100.0
Ritual146,0,0,1.0,0,0.0,0,0.0,0,1.0,1,0.0,0,100.0,100.0,100.0,100.0,100.0,100.0
Ritual147,0,0,0.0,0,0.0,0,0.0,0,0.0,0,0.0,0,100.0,100.0,100.0,100.0,100.0,100.0
Ritual148,0,0,0.0,0,0.0,0,0.0,0,0.0,0,0.0,0,100.0,100.0,100.0,100.0,100.0,100.0
Ritual149,1,0,0.0,0,0.0,0,0.0,0,0.0,0,0.0,0,100.0,100.0,100.0,100.0,100.0,100.0
Ritual150,1,1,0.0,0,1.0,1,0.0,0,1.0,1,0.0,0,100.0,100.0,100.0,100.0,100.0,100.0
Ritual151,1,1,0.0,0,1.0,1,0.0,1,1.0,1,0.0,1,100.0,100.0,100.0,100.0,100.0,100.0
Ritual152,1,1,1.0,1,0.0,0,0.0,0,1.0,1,0.0,1,100.0,100.0,100.0,100.0,100.0,100.0
Ritual153,0,0,0.0,0,0.0,0,0.0,0,0.0,0,0.0,0,100.0,100.0,100.0,100.0,100.0,100.0
Ritual154,0,0,0.0,0,0.0,0,0.0,0,0.0,0,0.0,1,100.0,100.0,100.0,100.0,100.0,100.0
Ritual155,0,0,0.0,0,0.0,0,0.0,0,0.0,0,0.0,0,100.0,100.0,100.0,100.0,100.0,100.0
Ritual156,1,1,0.0,0,0.0,0,0.0,0,1.0,1,0.0,0,100.0,100.0,100.0,100.0,100.0,100.0
Ritual157,1,1,0.0,0,0.0,0,1.0,0,1.0,0,0.0,0,100.0,100.0,100.0,100.0,100.0,100.0
Ritual158,0,0,0.0,0,0.0,0,0.0,0,0.0,0,0.0,0,100.0,100.0,100.0,100.0,100.0,100.0
Ritual159,0,0,0.0,0,1.0,0,0.0,0,0.0,0,1.0,0,100.0,100.0,100.0,100.0,100.0,100.0
Ritual160,0,0,0.0,0,1.0,0,0.0,0,0.0,0,1.0,0,100.0,100.0,100.0,100.0,100.0,100.0
Ritual161,0,0,1.0,0,0.0,0,0.0,0,0.0,0,0.0,0,100.0,100.0,100.0,100.0,100.0,100.0
Ritual163,1,1,0.0,0,0.0,0,0.0,0,0.0,0,0.0,1,100.0,100.0,100.0,100.0,100.0,100.0
Ritual164,0,0,0.0,0,0.0,0,0.0,0,1.0,0,0.0,0,100.0,100.0,100.0,100.0,100.0,100.0
Ritual165,0,,1.0,,0.0,,0.0,,1.0,,0.0,,,,,,,
Ritual166,0,0,0.0,0,0.0,0,0.0,0,0.0,0,0.0,0,100.0,100.0,100.0,100.0,100.0,100.0
Ritual167,0,0,0.0,0,0.0,0,0.0,0,0.0,0,1.0,0,100.0,100.0,100.0,100.0,100.0,100.0
Ritual168,1,0,0.0,0,0.0,0,0.0,0,1.0,1,0.0,0,100.0,100.0,100.0,100.0,100.0,100.0
Ritual169,1,0,0.0,0,0.0,0,0.0,0,0.0,0,0.0,0,100.0,100.0,100.0,100.0,100.0,100.0
Ritual170,0,0,0.0,0,0.0,0,0.0,0,0.0,0,0.0,0,100.0,100.0,100.0,100.0,100.0,100.0
Ritual171,0,0,0.0,0,0.0,0,0.0,0,0.0,0,0.0,0,100.0,100.0,100.0,100.0,100.0,100.0
Ritual172,0,0,1.0,1,0.0,0,0.0,0,0.0,0,0.0,1,100.0,100.0,100.0,100.0,100.0,100.0
Ritual173,0,0,0.0,0,0.0,0,0.0,0,0.0,0,0.0,0,100.0,100.0,100.0,100.0,100.0,100.0
Ritual174,1,1,0.0,0,0.0,0,0.0,0,1.0,1,0.0,0,100.0,100.0,100.0,100.0,100.0,100.0
Ritual175,0,0,0.0,0,0.0,0,0.0,0,0.0,1,0.0,0,100.0,100.0,100.0,100.0,100.0,100.0
Ritual176,0,0,0.0,0,0.0,0,0.0,0,0.0,0,0.0,0,100.0,100.0,100.0,100.0,100.0,100.0
Ritual177,0,0,0.0,0,0.0,0,0.0,0,0.0,0,0.0,0,100.0,100.0,100.0,100.0,100.0,100.0
Ritual178,0,0,0.0,0,0.0,0,0.0,1,0.0,0,1.0,1,100.0,100.0,100.0,100.0,100.0,100.0
Ritual179,0,0,0.0,0,0.0,0,0.0,0,0.0,0,0.0,0,100.0,100.0,100.0,100.0,100.0,100.0
Ritual180,,,,,,,,,,,,,,,,,,
Ritual181,0,,0.0,,0.0,,0.0,,0.0,,0.0,,,,,,,
Ritual182,0,,777.0,,0.0,,0.0,,0.0,,1.0,,,,,,,
Ritual183,0,0,0.0,0,0.0,0,0.0,0,0.0,0,0.0,0,100.0,100.0,100.0,100.0,100.0,100.0
Ritual184,0,1,0.0,0,0.0,0,0.0,0,0.0,1,0.0,0,100.0,100.0,100.0,100.0,100.0,100.0
Ritual185,0,0,0.0,1,0.0,0,0.0,0,0.0,0,0.0,1,100.0,100.0,100.0,100.0,100.0,100.0
Ritual186,0,0,0.0,0,0.0,0,0.0,0,0.0,0,1.0,0,100.0,100.0,100.0,100.0,100.0,100.0
Ritual187,0,0,0.0,0,0.0,0,0.0,0,0.0,0,1.0,0,100.0,100.0,100.0,100.0,100.0,100.0
Ritual188,0,0,0.0,0,0.0,0,0.0,1,0.0,0,1.0,0,100.0,100.0,100.0,100.0,100.0,100.0
Ritual189,0,0,0.0,0,0.0,0,0.0,0,0.0,0,1.0,0,100.0,100.0,100.0,100.0,100.0,100.0
Ritual190,0,0,0.0,0,0.0,0,0.0,0,0.0,0,1.0,0,100.0,100.0,100.0,100.0,100.0,100.0
Ritual191,0,0,0.0,0,0.0,0,0.0,0,0.0,0,1.0,0,100.0,100.0,100.0,100.0,100.0,100.0
Ritual192,0,0,0.0,0,0.0,0,0.0,0,0.0,0,1.0,0,100.0,100.0,100.0,100.0,100.0,100.0
Ritual193,0,0,0.0,0,0.0,0,0.0,0,0.0,0,0.0,0,100.0,100.0,100.0,100.0,100.0,100.0
Ritual194,0,0,0.0,0,0.0,0,0.0,0,0.0,0,0.0,0,100.0,100.0,100.0,100.0,100.0,100.0
Ritual195,1,0,1.0,0,0.0,0,0.0,0,1.0,1,1.0,0,100.0,100.0,100.0,100.0,100.0,100.0
Ritual196,1,1,0.0,0,0.0,0,0.0,0,0.0,0,0.0,0,100.0,100.0,100.0,100.0,100.0,100.0
Ritual197,1,0,1.0,0,0.0,0,0.0,0,0.0,1,0.0,0,100.0,100.0,100.0,100.0,100.0,100.0
Ritual198,0,0,0.0,0,0.0,0,0.0,0,0.0,0,0.0,0,100.0,100.0,100.0,100.0,100.0,100.0
Ritual199,0,0,0.0,0,0.0,0,0.0,0,0.0,0,0.0,0,100.0,100.0,100.0,100.0,100.0,100.0
Ritual200,1,1,0.0,0,0.0,0,0.0,0,1.0,1,0.0,0,100.0,100.0,100.0,100.0,100.0,100.0
Ritual201,0,0,0.0,0,0.0,0,0.0,0,0.0,0,0.0,0,100.0,100.0,100.0,100.0,100.0,100.0
Ritual202,0,0,0.0,0,0.0,0,0.0,0,0.0,0,0.0,0,100.0,100.0,100.0,100.0,100.0,100.0
Ritual203,0,0,0.0,0,0.0,0,0.0,0,0.0,0,0.0,0,100.0,100.0,100.0,100.0,100.0,100.0
Ritual204,0,0,0.0,0,0.0,0,0.0,0,0.0,0,0.0,0,100.0,100.0,100.0,100.0,100.0,100.0
Ritual205,0,0,0.0,0,0.0,0,0.0,0,1.0,1,1.0,0,100.0,100.0,100.0,100.0,100.0,100.0
Ritual206,1,0,0.0,0,0.0,0,0.0,0,0.0,0,0.0,0,100.0,100.0,100.0,100.0,100.0,100.0
Ritual207,1,1,0.0,0,0.0,0,0.0,0,0.0,0,0.0,0,100.0,100.0,100.0,100.0,100.0,100.0
Ritual208,1,0,0.0,0,0.0,0,0.0,0,0.0,0,0.0,0,100.0,100.0,100.0,100.0,100.0,100.0
Ritual209,1,1,0.0,0,0.0,0,0.0,1,0.0,0,0.0,0,100.0,100.0,100.0,100.0,100.0,100.0
Ritual210,1,1,0.0,0,0.0,0,0.0,0,1.0,1,,0,100.0,100.0,100.0,100.0,100.0,100.0
Ritual211, ,,,,,,,,,,,,,,,,,
Ritual212, ,,,,,,,,,,,,,,,,,
Ritual213, ,,,,,,,,,,,,,,,,,
Ritual214,1,0,0.0,0,0.0,0,0.0,0,1.0,0,0.0,1,100.0,100.0,100.0,100.0,100.0,100.0
Ritual215,1,1,0.0,0,0.0,0,0.0,0,1.0,1,0.0,0,100.0,100.0,100.0,100.0,100.0,100.0
Ritual216,0,0,0.0,0,0.0,0,0.0,0,1.0,1,0.0,0,100.0,100.0,100.0,100.0,100.0,100.0
Ritual217,1,1,0.0,0,0.0,0,1.0,1,1.0,0,1.0,0,100.0,100.0,100.0,100.0,100.0,100.0
Ritual218,1,1,0.0,0,0.0,0,0.0,0,1.0,1,0.0,1,100.0,100.0,100.0,100.0,100.0,100.0
Ritual219,1,1,0.0,0,0.0,0,0.0,0,1.0,1,0.0,0,100.0,100.0,100.0,100.0,100.0,100.0
Ritual220,0,0,0.0,0,0.0,0,0.0,0,1.0,0,0.0,0,100.0,100.0,100.0,100.0,100.0,100.0
Ritual221,0,0,0.0,0,0.0,0,0.0,0,0.0,1,0.0,0,100.0,100.0,100.0,100.0,100.0,100.0
Ritual222,0,0,0.0,0,0.0,0,0.0,0,0.0,0,0.0,0,100.0,100.0,100.0,100.0,100.0,100.0
Ritual223,0,0,0.0,0,0.0,0,0.0,0,0.0,1,0.0,1,100.0,100.0,100.0,100.0,100.0,100.0
Ritual224,1,1,0.0,0,0.0,0,0.0,0,1.0,1,0.0,0,100.0,100.0,100.0,100.0,100.0,100.0
Ritual225,0,0,0.0,0,0.0,0,0.0,0,0.0,0,0.0,1,100.0,100.0,100.0,100.0,100.0,100.0
Ritual226,0,0,0.0,0,1.0,1,0.0,0,0.0,0,0.0,0,100.0,100.0,100.0,100.0,100.0,100.0
Ritual227,0,0,0.0,0,1.0,0,0.0,0,0.0,0,0.0,0,100.0,100.0,100.0,100.0,100.0,100.0
Ritual228,0,0,1.0,0,1.0,0,0.0,1,0.0,0,0.0,0,100.0,100.0,100.0,100.0,100.0,100.0
Ritual229,0,0,1.0,0,1.0,1,0.0,0,0.0,0,0.0,0,100.0,100.0,100.0,100.0,100.0,100.0
Ritual230,0,0,0.0,0,1.0,1,0.0,0,0.0,0,0.0,0,100.0,100.0,100.0,100.0,100.0,100.0
Ritual231,0,,0.0,,0.0,,0.0,,1.0,,0.0,,,,,,,
Ritual231,0,0,0.0,0,0.0,0,0.0,0,1.0,1,0.0,0,100.0,100.0,100.0,100.0,100.0,100.0
Ritual232,0,,0.0,,0.0,,0.0,,1.0,,0.0,,,,,,,
Ritual233,1,0,0.0,0,0.0,0,0.0,0,0.0,0,0.0,0,100.0,100.0,100.0,100.0,100.0,100.0
Ritual234,1,0,0.0,0,0.0,0,0.0,0,0.0,0,0.0,0,100.0,100.0,100.0,100.0,100.0,100.0
Ritual235,1,1,0.0,0,0.0,0,0.0,0,0.0,0,0.0,0,100.0,100.0,100.0,100.0,100.0,100.0
Ritual236,1,1,0.0,0,0.0,0,1.0,1,1.0,1,0.0,0,100.0,100.0,100.0,100.0,100.0,100.0
Ritual237,1,1,0.0,0,1.0,0,0.0,1,0.0,0,1.0,0,100.0,100.0,100.0,100.0,100.0,100.0
Ritual238,1,1,0.0,0,0.0,0,0.0,0,0.0,0,0.0,0,100.0,100.0,100.0,100.0,100.0,100.0
Ritual239,1,1,0.0,0,0.0,0,0.0,1,1.0,1,1.0,1,100.0,100.0,100.0,100.0,100.0,100.0
Ritual240,0,0,0.0,0,0.0,0,0.0,0,0.0,0,0.0,0,100.0,100.0,100.0,100.0,100.0,100.0
Ritual241,0,,0.0,,0.0,,0.0,,0.0,,0.0,,,,,,,
Ritual242,0,,0.0,,0.0,,0.0,,0.0,,0.0,,,,,,,
Ritual243,1,,0.0,,0.0,,0.0,,1.0,,0.0,,,,,,,
Ritual244,0,,0.0,,0.0,,0.0,,0.0,,0.0,,,,,,,
Ritual245,0,,0.0,,0.0,,0.0,,0.0,,0.0,,,,,,,
Ritual246,0,0,0.0,0,0.0,0,0.0,0,0.0,0,0.0,0,100.0,100.0,100.0,100.0,100.0,100.0
Ritual247,0,0,0.0,0,0.0,0,0.0,0,1.0,0,0.0,0,100.0,100.0,100.0,100.0,100.0,100.0
Ritual248,0,0,0.0,0,1.0,0,0.0,0,0.0,0,0.0,0,100.0,100.0,100.0,100.0,100.0,100.0
Ritual249,0,0,0.0,0,7777.0,0,0.0,0,0.0,0,0.0,0,100.0,100.0,100.0,100.0,100.0,100.0
Ritual250,1,1,1.0,1,1.0,0,0.0,0,1.0,1,1.0,0,100.0,100.0,100.0,100.0,100.0,100.0
Ritual251, ,,,,,,,,,,,,,,,,,
Ritual252,1,0,0.0,0,7777.0,0,0.0,0,0.0,0,0.0,0,100.0,100.0,100.0,100.0,100.0,100.0
Ritual253,0,0,1.0,0,0.0,0,0.0,0,0.0,0,0.0,0,100.0,100.0,100.0,100.0,100.0,100.0
Ritual254,0,0,1.0,0,0.0,0,0.0,0,0.0,0,0.0,0,100.0,100.0,100.0,100.0,100.0,100.0
Ritual255,0,0,1.0,0,0.0,0,0.0,0,0.0,0,1.0,0,100.0,100.0,100.0,100.0,100.0,100.0
Ritual256,0,,1.0,,1.0,,0.0,,1.0,,0.0,,,,,,,
Ritual256, ,0,,1,,1,,1,,0,,0,100.0,100.0,100.0,100.0,100.0,100.0
Ritual257,0,0,1.0,0,1.0,0,0.0,0,1.0,0,0.0,0,100.0,100.0,100.0,100.0,100.0,100.0
Ritual258,0,0,1.0,0,1.0,0,0.0,1,1.0,0,0.0,0,100.0,100.0,100.0,100.0,100.0,100.0
Ritual259,0,,1.0,,1.0,,0.0,,1.0,,0.0,,,,,,,
Ritual259, ,0,,0,,0,,0,,0,,0,100.0,100.0,100.0,100.0,100.0,100.0
Ritual260,0,,0.0,,0.0,,0.0,,0.0,,0.0,,,,,,,
Ritual260,1,0,0.0,0,0.0,0,0.0,0,1.0,0,0.0,0,100.0,100.0,100.0,100.0,100.0,100.0
Ritual261,0,0,0.0,0,0.0,0,0.0,0,0.0,0,0.0,0,100.0,100.0,100.0,100.0,100.0,100.0
Ritual262,0,0,1.0,1,0.0,0,0.0,0,0.0,0,0.0,0,100.0,100.0,100.0,100.0,100.0,100.0
Ritual263,0,0,1.0,1,0.0,0,0.0,0,0.0,0,0.0,0,100.0,100.0,100.0,100.0,100.0,100.0
Ritual264,0,0,1.0,1,0.0,0,0.0,0,0.0,0,0.0,0,100.0,100.0,100.0,100.0,100.0,100.0
Ritual265,0,,1.0,,0.0,,0.0,,0.0,,1.0,,,,,,,
Ritual266,0,0,1.0,1,0.0,0,0.0,0,0.0,0,0.0,0,100.0,100.0,100.0,100.0,100.0,100.0
Ritual267,0,0,1.0,1,0.0,0,0.0,1,1.0,1,1.0,1,100.0,100.0,100.0,100.0,100.0,100.0
Ritual268,0,0,0.0,0,0.0,0,0.0,0,0.0,0,1.0,0,100.0,100.0,100.0,100.0,100.0,100.0
Ritual269,0,0,0.0,0,0.0,0,0.0,0,0.0,0,1.0,0,100.0,100.0,100.0,100.0,100.0,100.0
Ritual270,0,0,0.0,0,0.0,0,0.0,0,0.0,0,1.0,0,100.0,100.0,100.0,100.0,100.0,100.0
Ritual271,0,0,0.0,1,0.0,1,0.0,1,0.0,0,1.0,0,100.0,100.0,100.0,100.0,100.0,100.0
Ritual272,0,0,0.0,1,0.0,1,0.0,1,0.0,0,0.0,0,100.0,100.0,100.0,100.0,100.0,100.0
Ritual273,0,0,1.0,0,0.0,0,0.0,0,0.0,0,1.0,0,100.0,100.0,100.0,100.0,100.0,100.0
Ritual274,0,0,1.0,0,0.0,0,0.0,0,0.0,0,0.0,0,100.0,100.0,100.0,100.0,100.0,100.0
Ritual275,0,0,1.0,1,0.0,0,0.0,0,0.0,0,0.0,0,100.0,100.0,100.0,100.0,100.0,100.0
Ritual276,0,0,1.0,0,0.0,0,0.0,0,0.0,0,0.0,0,100.0,100.0,100.0,100.0,100.0,100.0
Ritual277,0,0,1.0,1,0.0,0,0.0,1,0.0,0,0.0,0,100.0,100.0,100.0,100.0,100.0,100.0
Ritual278,0,0,,0,0.0,0,0.0,0,0.0,0,0.0,0,100.0,100.0,100.0,100.0,100.0,100.0
Ritual279,0,0,0.0,0,0.0,0,0.0,0,0.0,0,0.0,0,100.0,100.0,100.0,100.0,100.0,100.0
Ritual280,0,0,1.0,1,0.0,0,0.0,0,0.0,0,0.0,0,100.0,100.0,100.0,100.0,100.0,100.0
Ritual281,0,0,1.0,1,0.0,1,0.0,0,0.0,0,0.0,0,100.0,100.0,100.0,100.0,100.0,100.0
Ritual282,0,0,0.0,0,0.0,0,0.0,0,1.0,1,0.0,0,100.0,100.0,100.0,100.0,100.0,100.0
Ritual283,0,0,0.0,0,1.0,0,0.0,1,1.0,1,0.0,0,100.0,100.0,100.0,100.0,100.0,100.0
Ritual284,0,,777.0,,1.0,,0.0,,1.0,,1.0,,,,,,,
Ritual285,0,,0.0,,1.0,,0.0,,0.0,,0.0,,,,,,,
Ritual286,0,0,0.0,0,0.0,0,0.0,0,0.0,0,1.0,0,100.0,100.0,100.0,100.0,100.0,100.0
Ritual287,0,0,1.0,0,0.0,0,0.0,1,1.0,0,0.0,0,100.0,100.0,100.0,100.0,100.0,100.0
Ritual288,0,0,0.0,0,0.0,0,0.0,0,1.0,1,0.0,0,100.0,100.0,100.0,100.0,100.0,100.0
Ritual289, ,,,,,,,,,,,,,,,,,
Ritual290, ,,,,,,,,,,,,,,,,,
Ritual291,0,,1.0,,,,,,1.0,,0.0,,,,,,,
Ritual292,1,,,,,,1.0,,1.0,,0.0,,,,,,,
Ritual293,0,0,0.0,0,0.0,0,0.0,0,0.0,0,0.0,0,100.0,100.0,100.0,100.0,100.0,100.0
Ritual294,1,0,0.0,0,0.0,0,1.0,1,1.0,0,1.0,0,100.0,100.0,100.0,100.0,100.0,100.0
Ritual295,1,0,0.0,0,0.0,0,0.0,0,1.0,0,0.0,0,100.0,100.0,100.0,100.0,100.0,100.0
Ritual296,1,1,0.0,0,0.0,0,0.0,0,1.0,0,1.0,0,100.0,100.0,100.0,100.0,100.0,100.0
Ritual297,0,0,0.0,0,0.0,0,0.0,0,0.0,0,0.0,0,100.0,100.0,100.0,100.0,100.0,100.0
Ritual298,0,0,0.0,0,0.0,0,0.0,0,0.0,0,0.0,0,100.0,100.0,100.0,100.0,100.0,100.0
Ritual299,0,0,1.0,0,0.0,0,0.0,0,1.0,1,1.0,0,100.0,100.0,100.0,100.0,100.0,100.0
Ritual300,1,0,0.0,1,0.0,0,0.0,0,0.0,0,1.0,0,100.0,100.0,100.0,100.0,100.0,100.0
Ritual301,0,0,0.0,0,0.0,0,0.0,0,0.0,0,0.0,0,100.0,100.0,100.0,100.0,100.0,100.0
Ritual302,0,0,0.0,0,0.0,0,0.0,0,0.0,0,0.0,0,100.0,100.0,100.0,100.0,100.0,100.0
Ritual303,1,0,0.0,0,0.0,0,1.0,1,1.0,0,1.0,1,100.0,100.0,100.0,100.0,100.0,100.0
Ritual304,0,0,0.0,0,0.0,0,0.0,0,0.0,0,0.0,0,100.0,100.0,100.0,100.0,100.0,100.0
Ritual305,0,0,0.0,0,0.0,0,0.0,0,0.0,0,0.0,0,100.0,100.0,100.0,100.0,100.0,100.0
Ritual306,0,0,0.0,0,0.0,0,0.0,0,0.0,0,0.0,0,100.0,100.0,100.0,100.0,100.0,100.0
Ritual307,0,0,0.0,0,0.0,0,0.0,0,0.0,0,0.0,0,100.0,100.0,100.0,100.0,100.0,100.0
Ritual308,0,0,0.0,0,0.0,0,0.0,0,0.0,0,0.0,0,100.0,100.0,100.0,100.0,100.0,100.0
Ritual309,0,0,0.0,0,0.0,0,0.0,0,0.0,0,0.0,0,100.0,100.0,100.0,100.0,100.0,100.0
Ritual310,1,0,777.0,0,0.0,0,0.0,0,1.0,1,1.0,0,100.0,100.0,100.0,100.0,100.0,100.0
Ritual311,0,0,0.0,0,0.0,0,0.0,0,0.0,0,0.0,0,100.0,100.0,100.0,100.0,100.0,100.0
Ritual312,1,0,1.0,0,0.0,0,0.0,0,1.0,0,1.0,0,100.0,100.0,100.0,100.0,100.0,100.0
Ritual313,1,1,1.0,0,0.0,0,1.0,1,1.0,1,1.0,0,100.0,100.0,100.0,100.0,100.0,100.0
Ritual314,1,1,0.0,0,0.0,0,0.0,1,1.0,1,0.0,0,100.0,100.0,100.0,100.0,100.0,100.0
Ritual315,0,0,0.0,0,0.0,0,0.0,0,0.0,0,0.0,0,100.0,100.0,100.0,100.0,100.0,100.0
Ritual316,0,0,0.0,0,0.0,0,0.0,0,0.0,0,0.0,0,100.0,100.0,100.0,100.0,100.0,100.0
Ritual317,1,0,1.0,1,0.0,0,1.0,1,0.0,0,0.0,0,100.0,100.0,100.0,100.0,100.0,100.0
Ritual318,0,0,1.0,1,0.0,0,0.0,0,0.0,0,0.0,0,100.0,100.0,100.0,100.0,100.0,100.0
Ritual319,0,0,1.0,0,0.0,0,0.0,0,0.0,0,0.0,0,100.0,100.0,100.0,100.0,100.0,100.0
Ritual320,0,0,0.0,0,0.0,0,0.0,1,0.0,0,0.0,0,100.0,100.0,100.0,100.0,100.0,100.0
Ritual321, ,,,,,,,,,,,,,,,,,
Ritual322,0,0,0.0,0,0.0,0,0.0,0,0.0,0,0.0,0,100.0,100.0,100.0,100.0,100.0,100.0
Ritual323,0,,0.0,,0.0,,0.0,,0.0,,0.0,,,,,,,
Ritual323,0,0,0.0,0,0.0,0,1.0,1,0.0,0,0.0,0,100.0,100.0,100.0,100.0,100.0,100.0
Ritual324,0,0,1.0,1,0.0,0,0.0,0,0.0,0,0.0,0,100.0,100.0,100.0,100.0,100.0,100.0
Ritual325,1,,0.0,,0.0,,0.0,,0.0,,0.0,,,,,,,
Ritual326,0,0,0.0,0,0.0,0,0.0,0,0.0,0,0.0,0,100.0,100.0,100.0,100.0,100.0,100.0
Ritual327,0,0,0.0,0,0.0,0,0.0,0,0.0,0,0.0,1,100.0,100.0,100.0,100.0,100.0,100.0
Ritual328,0,0,0.0,0,0.0,0,0.0,0,0.0,0,0.0,0,100.0,100.0,100.0,100.0,100.0,100.0
Ritual329,0,0,0.0,0,0.0,0,0.0,0,0.0,0,0.0,0,100.0,100.0,100.0,100.0,100.0,100.0
Ritual330,0,0,0.0,0,1.0,0,0.0,0,0.0,0,0.0,0,100.0,100.0,100.0,100.0,100.0,100.0
Ritual331,0,0,0.0,0,0.0,0,0.0,0,0.0,0,0.0,0,100.0,100.0,100.0,100.0,100.0,100.0
Ritual332,0,0,0.0,0,0.0,0,0.0,0,0.0,0,0.0,0,100.0,100.0,100.0,100.0,100.0,100.0
Ritual333,0,0,1.0,0,0.0,0,0.0,0,0.0,0,0.0,0,100.0,100.0,100.0,100.0,100.0,100.0
Ritual334,0,0,0.0,0,0.0,0,0.0,0,1.0,0,0.0,0,100.0,100.0,100.0,100.0,100.0,100.0
Ritual335,0,0,1.0,1,0.0,0,1.0,0,1.0,1,1.0,0,100.0,100.0,100.0,100.0,100.0,100.0
Ritual336,1,0,1.0,1,0.0,0,0.0,0,1.0,1,1.0,0,100.0,100.0,100.0,100.0,100.0,100.0
Ritual337,0,0,0.0,0,0.0,0,0.0,0,1.0,1,0.0,0,100.0,100.0,100.0,100.0,100.0,100.0
Ritual338, ,,,,,,,,,,,,,,,,,
Ritual338, ,,,,,,,,,,,,,,,,,
Ritual339, ,,,,,,,,,,,,,,,,,
Ritual340,1,,0.0,,0.0,,0.0,,1.0,,0.0,,,,,,,
Ritual341,0,,0.0,,0.0,,0.0,,0.0,,0.0,,,,,,,
Ritual342,0,,0.0,,0.0,,0.0,,0.0,,0.0,,,,,,,
Ritual343,0,,0.0,,0.0,,0.0,,0.0,,0.0,,,,,,,
Ritual344,0,,0.0,,0.0,,0.0,,0.0,,1.0,,,,,,,
Ritual345,0,,0.0,,0.0,,0.0,,1.0,,0.0,,,,,,,
Ritual346,0,,0.0,,0.0,,0.0,,0.0,,0.0,,,,,,,
Ritual347,0,,0.0,,0.0,,0.0,,0.0,,0.0,,,,,,,
Ritual348,0,,1.0,,0.0,,0.0,,0.0,,0.0,,,,,,,
Ritual349,0,,0.0,,0.0,,0.0,,0.0,,0.0,,,,,,,
Ritual350,0,,0.0,,0.0,,0.0,,0.0,,0.0,,,,,,,
Ritual351,0,,0.0,,0.0,,0.0,,0.0,,1.0,,,,,,,
Ritual352,0,,0.0,,0.0,,0.0,,0.0,,0.0,,,,,,,
Ritual353,1,,0.0,,0.0,,0.0,,1.0,,0.0,,,,,,,
Ritual354,1,,0.0,,0.0,,0.0,,1.0,,0.0,,,,,,,
Ritual355,0,,0.0,,0.0,,0.0,,0.0,,0.0,,,,,,,
Ritual356,1,,1.0,,0.0,,0.0,,1.0,,1.0,,,,,,,
Ritual357,1,,0.0,,0.0,,0.0,,1.0,,1.0,,,,,,,
Ritual358,0,,0.0,,0.0,,0.0,,0.0,,0.0,,,,,,,
Ritual359,0,,0.0,,0.0,,0.0,,0.0,,0.0,,,,,,,
Ritual360,0,,0.0,,0.0,,0.0,,1.0,,1.0,,,,,,,
Ritual361,0,,0.0,,0.0,,0.0,,1.0,,1.0,,,,,,,
Ritual362,0,,0.0,,0.0,,0.0,,1.0,,1.0,,,,,,,
Ritual363,0,,0.0,,0.0,,0.0,,1.0,,1.0,,,,,,,
Ritual364,1,,0.0,,1.0,,0.0,,1.0,,0.0,,,,,,,
Ritual365,1,,0.0,,1.0,,0.0,,1.0,,0.0,,,,,,,
Ritual366,0,,0.0,,1.0,,0.0,,0.0,,0.0,,,,,,,
Ritual368,1,,0.0,,0.0,,0.0,,1.0,,0.0,,,,,,,
Ritual369,,,,,,,,,,,,,,,,,,
Ritual370,1,,0.0,,1.0,,0.0,,1.0,,0.0,,,,,,,
Ritual371,1,,0.0,,0.0,,0.0,,0.0,,0.0,,,,,,,
Ritual372,0,,0.0,,0.0,,0.0,,0.0,,0.0,,,,,,,
Ritual373,0,,0.0,,0.0,,0.0,,0.0,,0.0,,,,,,,
Ritual374,0,,0.0,,0.0,,0.0,,0.0,,0.0,,,,,,,
Ritual375,0,,0.0,,0.0,,0.0,,0.0,,0.0,,,,,,,
Ritual376,0,,0.0,,0.0,,0.0,,0.0,,0.0,,,,,,,
Ritual377, ,,,,,,,,,,,,,,,,,
Ritual378, ,,,,,,,,,,,,,,,,,
Ritual379,0,,1.0,,0.0,,0.0,,0.0,,1.0,,,,,,,
Ritual380,0,,0.0,,0.0,,0.0,,0.0,,0.0,,,,,,,
Ritual381, ,,,,,,,,,,,,,,,,,
Ritual382, ,,,,,,,,,,,,,,,,,
Ritual383,1,,1.0,,0.0,,0.0,,1.0,,0.0,,,,,,,
Ritual384, ,,,,,,,,,,,,,,,,,
Ritual385,0,,1.0,,0.0,,0.0,,1.0,,1.0,,,,,,,
Ritual386,0,,0.0,,0.0,,0.0,,0.0,,0.0,,,,,,,
Ritual387,0,,0.0,,0.0,,0.0,,0.0,,0.0,,,,,,,
Ritual388,1,,1.0,,0.0,,0.0,,0.0,,0.0,,,,,,,
Ritual389,0,,0.0,,0.0,,0.0,,0.0,,0.0,,,,,,,
Ritual390,1,,0.0,,0.0,,0.0,,1.0,,1.0,,,,,,,
Ritual391,1,,0.0,,,,1.0,,1.0,,1.0,,,,,,,
Ritual392,1,,0.0,,0.0,,0.0,,1.0,,0.0,,,,,,,
Ritual393,0,,0.0,,0.0,,0.0,,0.0,,0.0,,,,,,,
Ritual394,0,,0.0,,0.0,,0.0,,0.0,,0.0,,,,,,,
Ritual395,0,,0.0,,0.0,,0.0,,0.0,,0.0,,,,,,,
Ritual396,1,,0.0,,0.0,,0.0,,1.0,,1.0,,,,,,,
Ritual397,1,,0.0,,0.0,,0.0,,1.0,,1.0,,,,,,,
Ritual398,1,,0.0,,0.0,,0.0,,1.0,,1.0,,,,,,,
Ritual399,1,,0.0,,0.0,,0.0,,1.0,,1.0,,,,,,,
Ritual400,1,,0.0,,0.0,,0.0,,1.0,,1.0,,,,,,,
Ritual401,1,,0.0,,0.0,,0.0,,1.0,,1.0,,,,,,,
Ritual402,1,,0.0,,0.0,,0.0,,1.0,,1.0,,,,,,,
Ritual403,1,,0.0,,0.0,,0.0,,0.0,,0.0,,,,,,,
Ritual403,1,,0.0,,0.0,,1.0,,0.0,,0.0,,,,,,,
Ritual404,1,,0.0,,0.0,,1.0,,0.0,,0.0,,,,,,,
Ritual405,0,,0.0,,0.0,,0.0,,0.0,,0.0,,,,,,,
Ritual406,1,,0.0,,0.0,,0.0,,1.0,,0.0,,,,,,,
Ritual407,1,,0.0,,0.0,,0.0,,1.0,,0.0,,,,,,,
Ritual408,0,,0.0,,0.0,,0.0,,0.0,,0.0,,,,,,,
Ritual409,0,,0.0,,0.0,,0.0,,0.0,,0.0,,,,,,,
Ritual410,0,,0.0,,0.0,,0.0,,0.0,,0.0,,,,,,,
Ritual411,0,,0.0,,0.0,,0.0,,0.0,,0.0,,,,,,,
Ritual412,0,,0.0,,0.0,,0.0,,0.0,,0.0,,,,,,,
Ritual413,0,,1.0,,0.0,,0.0,,0.0,,0.0,,,,,,,
Ritual414,0,,0.0,,0.0,,0.0,,0.0,,0.0,,,,,,,
Ritual415,0,,0.0,,0.0,,0.0,,0.0,,0.0,,,,,,,
Ritual416,0,,0.0,,0.0,,0.0,,0.0,,0.0,,,,,,,
Ritual417,0,,0.0,,0.0,,0.0,,0.0,,0.0,,,,,,,
Ritual418,0,,0.0,,0.0,,0.0,,0.0,,0.0,,,,,,,
Ritual419, ,,,,,,,,,,,,,,,,,
Ritual420,0,,0.0,,0.0,,0.0,,0.0,,0.0,,,,,,,
Ritual421,0,,0.0,,0.0,,0.0,,0.0,,0.0,,,,,,,
Ritual422,0,,1.0,,0.0,,0.0,,0.0,,1.0,,,,,,,
Ritual423, ,,,,,,,,,,,,,,,,,
Ritual424, ,,,,,,,,,,,,,,,,,
Ritual425, ,,,,,,,,,,,,,,,,,
Ritual426,0,,0.0,,0.0,,0.0,,0.0,,0.0,,,,,,,
Ritual427,0,,0.0,,0.0,,0.0,,0.0,,0.0,,,,,,,
Ritual428,0,,0.0,,1.0,,0.0,,0.0,,1.0,,,,,,,
Ritual429,0,,0.0,,1.0,,0.0,,0.0,,1.0,,,,,,,
Ritual430,0,,0.0,,1.0,,0.0,,0.0,,1.0,,,,,,,
Ritual431,0,,1.0,,1.0,,0.0,,0.0,,0.0,,,,,,,
Ritual431,1,,0.0,,0.0,,0.0,,1.0,,0.0,,,,,,,
Ritual432,0,,1.0,,1.0,,0.0,,0.0,,0.0,,,,,,,
Ritual432,1,,0.0,,0.0,,0.0,,1.0,,,,,,,,,
Ritual433,0,,1.0,,1.0,,0.0,,0.0,,0.0,,,,,,,
Ritual433,1,,0.0,,0.0,,0.0,,1.0,,0.0,,,,,,,
Ritual434,0,,0.0,,0.0,,0.0,,0.0,,0.0,,,,,,,
Ritual435,0,,0.0,,7777.0,,0.0,,0.0,,0.0,,,,,,,
Ritual436, ,,,,,,,,,,,,,,,,,
Ritual437,1,,0.0,,0.0,,0.0,,0.0,,0.0,,,,,,,
Ritual438,1,,0.0,,0.0,,0.0,,0.0,,0.0,,,,,,,
Ritual439,0,,0.0,,0.0,,0.0,,0.0,,0.0,,,,,,,
Ritual440,0,,0.0,,0.0,,0.0,,0.0,,0.0,,,,,,,
Ritual441,0,,0.0,,0.0,,0.0,,0.0,,0.0,,,,,,,
Ritual442,0,,0.0,,0.0,,0.0,,0.0,,0.0,,,,,,,
Ritual443,0,,0.0,,0.0,,0.0,,0.0,,0.0,,,,,,,
Ritual444,1,,0.0,,0.0,,0.0,,1.0,,0.0,,,,,,,
Ritual445,1,,0.0,,0.0,,0.0,,1.0,,1.0,,,,,,,
Ritual446,1,,0.0,,0.0,,0.0,,1.0,,1.0,,,,,,,
Ritual447,1,,0.0,,1.0,,0.0,,1.0,,0.0,,,,,,,
Ritual448,1,,0.0,,0.0,,0.0,,1.0,,0.0,,,,,,,
Ritual449,1,,0.0,,0.0,,0.0,,0.0,,0.0,,,,,,,
Ritual450,1,,0.0,,0.0,,0.0,,0.0,,0.0,,,,,,,
Ritual451,1,,0.0,,0.0,,0.0,,0.0,,0.0,,,,,,,
Ritual452,1,,0.0,,1.0,,0.0,,0.0,,0.0,,,,,,,
Ritual453,1,,0.0,,0.0,,0.0,,0.0,,0.0,,,,,,,
Ritual454,1,,0.0,,1.0,,0.0,,1.0,,0.0,,,,,,,
Ritual455,0,,0.0,,0.0,,0.0,,1.0,,0.0,,,,,,,
Ritual456,1,,0.0,,1.0,,0.0,,1.0,,1.0,,,,,,,
Ritual457,1,,0.0,,1.0,,0.0,,1.0,,1.0,,,,,,,
Ritual458,1,,0.0,,1.0,,0.0,,1.0,,0.0,,,,,,,
Ritual459,1,,0.0,,1.0,,0.0,,1.0,,0.0,,,,,,,
Ritual460,1,,0.0,,1.0,,0.0,,0.0,,0.0,,,,,,,
Ritual461,1,,0.0,,1.0,,0.0,,0.0,,0.0,,,,,,,
Ritual462,1,,0.0,,0.0,,0.0,,1.0,,0.0,,,,,,,
Ritual463,1,,0.0,,1.0,,1.0,,0.0,,0.0,,,,,,,
Ritual464,1,,0.0,,1.0,,0.0,,1.0,,0.0,,,,,,,
Ritual465,1,,0.0,,1.0,,0.0,,1.0,,0.0,,,,,,,
Ritual466, ,,,,,,,,,,,,,,,,,
Ritual467,1,,0.0,,0.0,,0.0,,1.0,,0.0,,,,,,,
Ritual468, ,,,,,,,,,,,,,,,,,
Ritual468, ,,,,,,,,,,,,,,,,,
Ritual468, ,,,,,,,,,,,,,,,,,
Ritual469,1,,0.0,,1.0,,0.0,,1.0,,0.0,,,,,,,
Ritual470,1,,0.0,,0.0,,0.0,,1.0,,1.0,,,,,,,
Ritual471,1,,0.0,,1.0,,0.0,,0.0,,0.0,,,,,,,
Ritual472,1,,0.0,,0.0,,0.0,,0.0,,7777.0,,,,,,,
Ritual473, ,,,,,,,,,,,,,,,,,
Ritual474, ,,,,,,,,,,,,,,,,,
Ritual475, ,,,,,,,,,,,,,,,,,
Ritual476,0,,0.0,,0.0,,0.0,,0.0,,0.0,,,,,,,
Ritual477, ,,,,,,,,,,,,,,,,,
Ritual478,0,,0.0,,0.0,,0.0,,1.0,,0.0,,,,,,,
Ritual479,1,,0.0,,0.0,,0.0,,1.0,,0.0,,,,,,,
Ritual480,0,,0.0,,0.0,,0.0,,1.0,,0.0,,,,,,,
Ritual481,0,,0.0,,0.0,,0.0,,1.0,,1.0,,,,,,,
Ritual482,0,,1.0,,0.0,,0.0,,1.0,,1.0,,,,,,,
Ritual483,0,,0.0,,0.0,,0.0,,0.0,,1.0,,,,,,,
Ritual484,0,,0.0,,0.0,,0.0,,0.0,,0.0,,,,,,,
Ritual485,0,,0.0,,0.0,,0.0,,0.0,,0.0,,,,,,,
Ritual486,1,,1.0,,0.0,,0.0,,0.0,,0.0,,,,,,,
Ritual487,1,,0.0,,1.0,,0.0,,0.0,,0.0,,,,,,,
Ritual488,0,,0.0,,0.0,,0.0,,0.0,,0.0,,,,,,,
Ritual489,0,,0.0,,0.0,,0.0,,0.0,,0.0,,,,,,,
Ritual490,0,,0.0,,0.0,,0.0,,0.0,,0.0,,,,,,,
Ritual491,0,,0.0,,0.0,,0.0,,0.0,,0.0,,,,,,,
Ritual492,0,,0.0,,0.0,,0.0,,0.0,,0.0,,,,,,,
Ritual493,0,,0.0,,0.0,,0.0,,0.0,,0.0,,,,,,,
Ritual494,1,,0.0,,0.0,,0.0,,0.0,,0.0,,,,,,,
Ritual495,1,,0.0,,1.0,,0.0,,0.0,,0.0,,,,,,,
Ritual496,1,,0.0,,1.0,,0.0,,0.0,,0.0,,,,,,,
Ritual497,1,,1.0,,0.0,,0.0,,1.0,,0.0,,,,,,,
Ritual498,1,,1.0,,0.0,,0.0,,1.0,,0.0,,,,,,,
Ritual499,0,,0.0,,1.0,,0.0,,0.0,,0.0,,,,,,,
Ritual500,1,,0.0,,0.0,,0.0,,1.0,,0.0,,,,,,,
Ritual501,0,,0.0,,0.0,,0.0,,0.0,,0.0,,,,,,,
Ritual502,0,,0.0,,0.0,,0.0,,0.0,,0.0,,,,,,,
Ritual503,0,,0.0,,0.0,,0.0,,0.0,,0.0,,,,,,,
Ritual504,0,,0.0,,0.0,,0.0,,0.0,,0.0,,,,,,,
Ritual505,0,,1.0,,0.0,,0.0,,0.0,,0.0,,,,,,,
Ritual506,0,,1.0,,0.0,,0.0,,1.0,,1.0,,,,,,,
Ritual507,0,,0.0,,0.0,,0.0,,0.0,,0.0,,,,,,,
Ritual508,0,,0.0,,0.0,,0.0,,0.0,,0.0,,,,,,,
Ritual509,0,,1.0,,0.0,,0.0,,0.0,,0.0,,,,,,,
Ritual510,0,,1.0,,0.0,,1.0,,0.0,,1.0,,,,,,,
Ritual511,0,,0.0,,0.0,,0.0,,0.0,,0.0,,,,,,,
Ritual512,0,,0.0,,0.0,,0.0,,0.0,,0.0,,,,,,,
Ritual513, ,,,,,,,,,,,,,,,,,
Ritual514,1,,1.0,,0.0,,0.0,,0.0,,1.0,,,,,,,
Ritual515,0,,0.0,,0.0,,0.0,,0.0,,1.0,,,,,,,
Ritual516,0,,0.0,,0.0,,0.0,,0.0,,1.0,,,,,,,
Ritual517,1,,0.0,,0.0,,0.0,,1.0,,0.0,,,,,,,
Ritual518,0,,1.0,,0.0,,0.0,,0.0,,0.0,,,,,,,
Ritual519,0,,0.0,,0.0,,0.0,,1.0,,0.0,,,,,,,
Ritual520,0,,1.0,,1.0,,0.0,,1.0,,1.0,,,,,,,
Ritual521,0,,0.0,,7777.0,,0.0,,0.0,,0.0,,,,,,,
Ritual522,0,,1.0,,7777.0,,0.0,,1.0,,1.0,,,,,,,
Ritual523,0,,1.0,,7777.0,,0.0,,1.0,,1.0,,,,,,,
Ritual524,0,,1.0,,7777.0,,0.0,,1.0,,1.0,,,,,,,
Ritual525,0,,1.0,,7777.0,,0.0,,1.0,,1.0,,,,,,,
Ritual526,0,,1.0,,7777.0,,0.0,,1.0,,1.0,,,,,,,
Ritual527, ,,,,,,,,,,,,,,,,,
Ritual527, ,,,,,,,,,,,,,,,,,
Ritual528,0,,0.0,,0.0,,0.0,,0.0,,1.0,,,,,,,
Ritual529,0,,1.0,,0.0,,0.0,,0.0,,0.0,,,,,,,
Ritual530,1,,0.0,,0.0,,0.0,,1.0,,0.0,,,,,,,
Ritual531,1,,0.0,,0.0,,0.0,,1.0,,1.0,,,,,,,
Ritual532,0,,0.0,,0.0,,0.0,,0.0,,1.0,,,,,,,
Ritual533,0,,0.0,,0.0,,0.0,,1.0,,0.0,,,,,,,
Ritual534,0,,0.0,,0.0,,0.0,,0.0,,1.0,,,,,,,
Ritual535,0,,0.0,,0.0,,0.0,,0.0,,0.0,,,,,,,
Ritual536,0,,0.0,,0.0,,0.0,,0.0,,0.0,,,,,,,
Ritual537,0,,0.0,,0.0,,0.0,,0.0,,1.0,,,,,,,
Ritual538,0,,0.0,,0.0,,0.0,,0.0,,0.0,,,,,,,
Ritual539,0,,0.0,,0.0,,0.0,,0.0,,0.0,,,,,,,
Ritual540,0,,0.0,,0.0,,0.0,,0.0,,0.0,,,,,,,
Ritual541, ,,,,,,,,,,,,,,,,,
Ritual542, ,,,,,,,,,,,,,,,,,
Ritual543,0,,0.0,,0.0,,0.0,,0.0,,0.0,,,,,,,
Ritual544,0,,1.0,,0.0,,0.0,,0.0,,0.0,,,,,,,
Ritual545,0,,1.0,,0.0,,0.0,,0.0,,0.0,,,,,,,
Ritual546,0,,0.0,,0.0,,0.0,,0.0,,0.0,,,,,,,
Ritual547,0,,0.0,,0.0,,0.0,,0.0,,0.0,,,,,,,
Ritual548,0,,0.0,,0.0,,0.0,,0.0,,0.0,,,,,,,
Ritual549,0,,0.0,,0.0,,0.0,,0.0,,0.0,,,,,,,
Ritual550,0,,0.0,,0.0,,0.0,,0.0,,0.0,,,,,,,
Ritual551,0,,0.0,,0.0,,0.0,,0.0,,0.0,,,,,,,
Ritual552,0,,0.0,,0.0,,0.0,,0.0,,0.0,,,,,,,
Ritual553,1,,0.0,,0.0,,0.0,,1.0,,0.0,,,,,,,
Ritual554,1,,0.0,,0.0,,0.0,,1.0,,0.0,,,,,,,
Ritual555,0,,0.0,,1.0,,0.0,,0.0,,0.0,,,,,,,
Ritual556,0,,0.0,,0.0,,0.0,,0.0,,0.0,,,,,,,
Ritual557,0,,0.0,,0.0,,0.0,,0.0,,0.0,,,,,,,
Ritual558,0,,0.0,,0.0,,0.0,,0.0,,0.0,,,,,,,
Ritual559,0,,0.0,,0.0,,0.0,,0.0,,0.0,,,,,,,
Ritual560, ,,,,,,,,,,,,,,,,,
Ritual561,1,,,,0.0,,,,1.0,,1.0,,,,,,,
Ritual562,1,,,,0.0,,,,1.0,,1.0,,,,,,,
Ritual563, ,,,,,,,,,,,,,,,,,
Ritual564, ,,,,,,,,,,,,,,,,,
Ritual565,0,,0.0,,0.0,,0.0,,0.0,,0.0,,,,,,,
Ritual566,0,,0.0,,0.0,,0.0,,0.0,,0.0,,,,,,,
Ritual567,0,,0.0,,0.0,,0.0,,0.0,,0.0,,,,,,,
Ritual568,0,,0.0,,0.0,,0.0,,1.0,,0.0,,,,,,,
Ritual569,0,,0.0,,0.0,,0.0,,1.0,,0.0,,,,,,,
Ritual570,0,,1.0,,0.0,,0.0,,0.0,,0.0,,,,,,,
Ritual571,0,,0.0,,0.0,,0.0,,0.0,,0.0,,,,,,,
Ritual572,0,,0.0,,0.0,,0.0,,0.0,,0.0,,,,,,,
Ritual573,0,,0.0,,0.0,,0.0,,0.0,,0.0,,,,,,,
Ritual574,0,,0.0,,0.0,,0.0,,0.0,,1.0,,,,,,,
Ritual575,0,,0.0,,0.0,,0.0,,0.0,,1.0,,,,,,,
Ritual576,0,,0.0,,0.0,,0.0,,0.0,,0.0,,,,,,,
Ritual577,0,,0.0,,0.0,,0.0,,0.0,,0.0,,,,,,,
Ritual578,0,,1.0,,1.0,,0.0,,0.0,,0.0,,,,,,,
Ritual579, ,,,,,,,,,,,,,,,,,
Ritual580,0,,0.0,,0.0,,0.0,,0.0,,0.0,,,,,,,
Ritual581,1,,1.0,,1.0,,0.0,,0.0,,0.0,,,,,,,
Ritual582,1,,,,1.0,,0.0,,0.0,,1.0,,,,,,,
Ritual583, ,,,,,,,,,,,,,,,,,
Ritual584,1,,1.0,,1.0,,0.0,,0.0,,0.0,,,,,,,
Ritual585,0,,0.0,,0.0,,0.0,,1.0,,0.0,,,,,,,
Ritual586,0,,0.0,,0.0,,0.0,,0.0,,0.0,,,,,,,
Ritual587,0,,0.0,,0.0,,0.0,,0.0,,0.0,,,,,,,
Ritual588,0,,0.0,,0.0,,0.0,,0.0,,0.0,,,,,,,
Ritual589,0,,0.0,,0.0,,0.0,,0.0,,0.0,,,,,,,
Ritual590,0,,0.0,,0.0,,0.0,,0.0,,1.0,,,,,,,
Ritual591,0,,0.0,,0.0,,0.0,,0.0,,1.0,,,,,,,
Ritual592,0,,0.0,,0.0,,0.0,,0.0,,1.0,,,,,,,
Ritual593,0,,0.0,,0.0,,0.0,,0.0,,0.0,,,,,,,
Ritual594,0,,1.0,,0.0,,0.0,,0.0,,0.0,,,,,,,
Ritual595,0,,1.0,,0.0,,0.0,,0.0,,0.0,,,,,,,
Ritual596,0,,0.0,,0.0,,0.0,,0.0,,0.0,,,,,,,
Ritual597,0,,0.0,,0.0,,0.0,,0.0,,0.0,,,,,,,
Ritual598, ,,,,,,,,,,,,,,,,,
Ritual599, ,,,,,,,,,,,,,,,,,
Ritual600, ,,,,,,,,,,,,,,,,,
Ritual601, ,,,,,,,,,,,,,,,,,
Ritual602, ,,,,,,,,,,,,,,,,,
Ritual603, ,,,,,,,,,,,,,,,,,
Ritual604, ,,,,,,,,,,,,,,,,,
Ritual605,0,,0.0,,0.0,,0.0,,0.0,,0.0,,,,,,,
Ritual606,1,,0.0,,0.0,,0.0,,1.0,,0.0,,,,,,,
Ritual607,0,,0.0,,0.0,,0.0,,1.0,,0.0,,,,,,,
Ritual608,0,,0.0,,0.0,,0.0,,1.0,,0.0,,,,,,,
Ritual609,1,,1.0,,1.0,,0.0,,0.0,,1.0,,,,,,,
Ritual610,1,,0.0,,0.0,,0.0,,0.0,,0.0,,,,,,,
Ritual611,1,,1.0,,0.0,,0.0,,0.0,,0.0,,,,,,,
Ritual612,1,,0.0,,1.0,,0.0,,0.0,,0.0,,,,,,,
Ritual613,1,,0.0,,1.0,,0.0,,0.0,,0.0,,,,,,,
Ritual614,0,,1.0,,7777.0,,0.0,,0.0,,0.0,,,,,,,
Ritual615,0,,1.0,,7777.0,,0.0,,0.0,,0.0,,,,,,,
Ritual616,0,,1.0,,7777.0,,0.0,,0.0,,0.0,,,,,,,
Ritual617,1,,1.0,,0.0,,1.0,,1.0,,1.0,,,,,,,
Ritual618,1,,1.0,,1.0,,0.0,,1.0,,0.0,,,,,,,
Ritual619,1,,,,,,,,1.0,,1.0,,,,,,,
Ritual619, ,,,,,,,,,,,,,,,,,
Ritual619, ,,,,,,,,,,,,,,,,,
Ritual620,0,,0.0,,0.0,,0.0,,0.0,,0.0,,,,,,,
Ritual621,0,,1.0,,0.0,,0.0,,0.0,,0.0,,,,,,,
Ritual622,0,,0.0,,0.0,,0.0,,0.0,,1.0,,,,,,,
Ritual623,0,,0.0,,0.0,,0.0,,0.0,,0.0,,,,,,,
Ritual624,0,,0.0,,0.0,,0.0,,0.0,,0.0,,,,,,,
Ritual625,0,,0.0,,0.0,,0.0,,0.0,,0.0,,,,,,,
Ritual626,0,,0.0,,0.0,,0.0,,0.0,,0.0,,,,,,,
Ritual627,0,,0.0,,0.0,,0.0,,0.0,,0.0,,,,,,,
Ritual628,1,,1.0,,0.0,,0.0,,1.0,,1.0,,,,,,,
Ritual629,1,,0.0,,0.0,,0.0,,1.0,,1.0,,,,,,,
Ritual630,1,,0.0,,0.0,,0.0,,1.0,,1.0,,,,,,,
Ritual631,0,,0.0,,0.0,,0.0,,0.0,,1.0,,,,,,,
Ritual632,0,,0.0,,0.0,,0.0,,0.0,,0.0,,,,,,,
Ritual633,0,,0.0,,0.0,,0.0,,0.0,,0.0,,,,,,,
Ritual634,0,,0.0,,0.0,,0.0,,0.0,,0.0,,,,,,,
Ritual635,0,,0.0,,0.0,,0.0,,0.0,,0.0,,,,,,,
Ritual636,0,,1.0,,0.0,,0.0,,0.0,,0.0,,,,,,,
Ritual637,1,,0.0,,0.0,,0.0,,0.0,,0.0,,,,,,,
Ritual638,0,,0.0,,0.0,,0.0,,0.0,,0.0,,,,,,,
Ritual639,X,,0.0,,0.0,,0.0,,1.0,,1.0,,,,,,,
Ritual640,0,,0.0,,0.0,,0.0,,0.0,,0.0,,,,,,,
Ritual641,1,,0.0,,0.0,,0.0,,1.0,,0.0,,,,,,,
Ritual642,1,,0.0,,0.0,,0.0,,1.0,,0.0,,,,,,,
Ritual643,0,,0.0,,0.0,,0.0,,0.0,,0.0,,,,,,,
Ritual644,1,,1.0,,1.0,,0.0,,1.0,,0.0,,,,,,,
Ritual645,1,,1.0,,1.0,,0.0,,1.0,,0.0,,,,,,,
Ritual646,1,,1.0,,1.0,,0.0,,1.0,,0.0,,,,,,,
Ritual647,0,,0.0,,0.0,,0.0,,0.0,,1.0,,,,,,,
Ritual648,0,,0.0,,0.0,,0.0,,0.0,,1.0,,,,,,,
Ritual649,0,,0.0,,0.0,,0.0,,0.0,,0.0,,,,,,,
Ritual650,1,,0.0,,0.0,,0.0,,1.0,,0.0,,,,,,,
Ritual651,0,,0.0,,0.0,,0.0,,0.0,,0.0,,,,,,,
